<?xml version="1.0" encoding="UTF-8"?>
<schemalist gettext-domain="quicklists">
  <schema id="org.gnome.shell.extensions.quicklists" path="/org/gnome/shell/extensions/quicklists/">

    <!-- General settings -->
    <key type="b" name="close-overview">
      <default>true</default>
      <summary>Auto-close the overview</summary>
      <description>
        Close automattically the overview each time an item is clicked.
      </description>
    </key>
    <key type="b" name="enable-search">
      <default>true</default>
      <summary>Search in the lists</summary>
      <description>
        Provide a search entry to filter the lists added tothe menus.
      </description>
    </key>

    <!-- Places bookmarks -->
    <key type="b" name="use-submenu-bookmarks">
      <default>true</default>
      <summary>Show places bookmarks in a submenu</summary>
      <description>
        Putting bookmarks in a submenu allows you to scroll the list, so "True"
        is recommended if many places are bookmarked.
      </description>
    </key>

    <!-- Recent files -->
    <key type="i" name="max-recents">
      <default>8</default>
      <summary>Max number of recent file per app</summary>
      <description>
        The maximum number of recent files that should be displayed on the menu
        for apps who can open files.
      </description>
    </key>
    <key type="b" name="use-submenu-recent">
      <default>false</default>
      <summary>Show recent files in a submenu</summary>
      <description>
        Putting recent files in a submenu allows you to scroll the list, so
        "True" is recommended if many recent files are displayed.
      </description>
    </key>
    <!-- TODO "show recent files on web browsers" boolean -->

    <!-- Web favorites -->
    <key type="b" name="use-submenu-webfav">
      <default>false</default>
      <summary>Show web favorites in a submenu</summary>
      <description>
        Putting web favorites in a submenu allows you to scroll the list, so
        "True" is recommended if many websites are favorited.
      </description>
    </key>
    <key type="as" name="webfav-labels">
      <default>["DuckDuckGo", "reddit"]</default>
      <summary>Labels of favorite websites</summary>
      <description>
        ...
      </description>
    </key>
    <key type="as" name="webfav-urls">
      <default>["https://duckduckgo.com/", "https://old.reddit.com/r/linux/"]</default>
      <summary>URLs of favorite websites</summary>
      <description>
        ...
      </description>
    </key>

  </schema>
</schemalist>
