{
  "_generated": "Generated by SweetTooth, do not edit",
  "description": "Add dynamic quicklists to app icons, such as file manager bookmarks and recent files.",
  "gettext-domain": "quicklists",
  "settings-schema": "org.gnome.shell.extensions.quicklists",
  "name": "Quicklists",
  "shell-version": [
    "3.26",
    "3.28",
    "3.30",
    "3.32",
    "3.34",
    "3.36",
    "3.38"
  ],
  "url": "https://github.com/maoschanz/quicklists-gnome-shell-extension",
  "uuid": "quicklists@maestroschan.fr",
  "version": 7
}
